-- Active: 1730905897544@@127.0.0.1@3306@almacennetcommtelpruebas
INSERT INTO categoria (claveCategoria, nombre, descripcion) VALUES
('DIV', 'Material diverso', 'Material variado de uso general en el almacén'),
('CAB', 'Cableado', 'Cables eléctricos y de red en distintas presentaciones'),
('TEL', 'Telefonía', 'Material y accesorios relacionados con telefonía'),
('CCT', 'CCTV', 'Equipos y materiales para sistemas de circuito cerrado de TV'),
('TUB', 'Tubería', 'Tuberías y accesorios relacionados'),
('TOR', 'Gabinete de tornillería', 'Gabinetes, tornillos y accesorios de fijación'),
('CCB', 'Caja de cable', 'Cajas de cableado estructurado o de red'),
('CON', 'Conectores', 'Conectores de diferentes tipos para instalaciones'),
('FPL', 'Faceplates', 'Placas de conexión para instalaciones'),
('AUD', 'Audio y Video', 'Materiales relacionados con sistemas de audio y video'),
('PAT', 'Patchcords', 'Cables de conexión tipo patchcord'),
('FIB', 'Fibra óptica', 'Material y accesorios de fibra óptica');
INSERT INTO color (codigoColor, nombre, descripcion) VALUES
('BEI', 'Beige', '#ffedba'),
('GRI', 'Gris', '#d9d9d9'),
('AMA', 'Amarillo', '#feff53'),
('VJU', 'Verde jungla', '#24a7a1'),
('VCL', 'Verde claro', '#aafa7d'),
('AZC', 'Azul claro', '#49c4e9'),
('MOR', 'Morado', '#7449ff'),
('ROS', 'Rosa', '#ff57d6'),
('BLA', 'Blanco', '#ffffff'),
('NAR', 'Naranja', '#ff9900');
INSERT INTO acceso (codigoAcceso, nombre) VALUES
('ENC', 'Encargadas - Acceso total (ver y modificar todo)'),
('EMP', 'Empleados - Acceso limitado (agregar entradas y salidas)'),
('CON', 'Consultantes - Acceso de solo lectura (ver sin modificar)');
INSERT INTO ubicacion (codigoUbicacion, nombre, descripcion, color) VALUES
('RCV', 'Rack Vertical', 'Rack vertical colgado al lado de la puerta cuando esta está abierta', 'VJU'),
('PSO', 'Piso', 'El piso del almacén', 'GRI'),
('RA.1', 'Rack A 1', 'El Rack A, primer nivel iniciando a contar desde arriba', 'VCL'),
('RA.2', 'Rack A 2', 'El Rack A, segundo nivel iniciando a contar desde arriba', 'VCL'),
('RA.3', 'Rack A 3', 'El Rack A, tercer nivel iniciando a contar desde arriba', 'VCL'),
('RA.4', 'Rack A 4', 'El Rack A, cuarto nivel iniciando a contar desde arriba', 'VCL'),
('RA.5', 'Rack A 5', 'El Rack A, quinto nivel iniciando a contar desde arriba', 'VCL'),
('RB.1', 'Rack B 1', 'El Rack B, primer nivel iniciando a contar desde arriba', 'AZC'),
('RB.2', 'Rack B 2', 'El Rack B, segundo nivel iniciando a contar desde arriba', 'AZC'),
('RB.3', 'Rack B 3', 'El Rack B, tercer nivel iniciando a contar desde arriba', 'AZC'),
('RB.4', 'Rack B 4', 'El Rack B, cuarto nivel iniciando a contar desde arriba', 'AZC'),
('RB.5', 'Rack B 5', 'El Rack B, quinto nivel iniciando a contar desde arriba', 'AZC'),
('RC.1', 'Rack C 1', 'El Rack C, primer nivel iniciando a contar desde arriba', 'MOR'),
('RC.2', 'Rack C 2', 'El Rack C, segundo nivel iniciando a contar desde arriba', 'MOR'),
('RC.3', 'Rack C 3', 'El Rack C, tercer nivel iniciando a contar desde arriba', 'MOR'),
('RC.4', 'Rack C 4', 'El Rack C, cuarto nivel iniciando a contar desde arriba', 'MOR'),
('RC.5', 'Rack C 5', 'El Rack C, quinto nivel iniciando a contar desde arriba', 'MOR'),
('RD.1', 'Rack D 1', 'El Rack D, primer nivel iniciando a contar desde arriba', 'AMA'),
('RD.2', 'Rack D 2', 'El Rack D, segundo nivel iniciando a contar desde arriba', 'AMA'),
('RD.3', 'Rack D 3', 'El Rack D, tercer nivel iniciando a contar desde arriba', 'AMA'),
('RD.4', 'Rack D 4', 'El Rack D, cuarto nivel iniciando a contar desde arriba', 'AMA'),
('RD.5', 'Rack D 5', 'El Rack D, quinto nivel iniciando a contar desde arriba', 'AMA'),
('RE.1', 'Rack E 1', 'El Rack E, primer nivel iniciando a contar desde arriba', 'ROS'),
('RE.2', 'Rack E 2', 'El Rack E, segundo nivel iniciando a contar desde arriba', 'ROS'),
('RE.3', 'Rack E 3', 'El Rack E, tercer nivel iniciando a contar desde arriba', 'ROS'),
('RE.4', 'Rack E 4', 'El Rack E, cuarto nivel iniciando a contar desde arriba', 'ROS'),
('RE.5', 'Rack E 5', 'El Rack E, quinto nivel iniciando a contar desde arriba', 'ROS'),
('ES1', 'Estante 1', 'El Estante 1 iniciando a contar desde arriba', 'BEI'),
('ES2', 'Estante 2', 'El Estante 2 iniciando a contar desde arriba', 'BEI'),
('ES3', 'Estante 3', 'El Estante 3 iniciando a contar desde arriba', 'BEI'),
('CAB', 'Cabecera', '', 'AZC'),
('GT-A1', 'G Tornilleria A1', 'El Gabinete de tornilleria, primera columna, primer nivel', 'BLA'),
('GT-A2', 'G Tornilleria A2', 'El Gabinete de tornilleria, primera columna, segundo nivel', 'BLA'),
('GT-A3', 'G Tornilleria A3', 'El Gabinete de tornilleria, primera columna, tercer nivel', 'BLA'),
('GT-A4', 'G Tornilleria A4', 'El Gabinete de tornilleria, primera columna, cuarto nivel', 'BLA'),
('GT-A5', 'G Tornilleria A5', 'El Gabinete de tornilleria, primera columna, quinto nivel', 'BLA'),
('GT-A6', 'G Tornilleria A6', 'El Gabinete de tornilleria, primera columna, sexto nivel', 'BLA'),
('GT-A7', 'G Tornilleria A7', 'El Gabinete de tornilleria, primera columna, septimo nivel', 'BLA'),
('GT-A8', 'G Tornilleria A8', 'El Gabinete de tornilleria, primera columna, octavo nivel', 'BLA'),
('GT-B1', 'G Tornilleria B1', 'El Gabinete de tornilleria, segunda columna, primer nivel', 'BLA'),
('GT-B2', 'G Tornilleria B2', 'El Gabinete de tornilleria, segunda columna, segundo nivel', 'BLA'),
('GT-B3', 'G Tornilleria B3', 'El Gabinete de tornilleria, segunda columna, tercer nivel', 'BLA'),
('GT-B4', 'G Tornilleria B4', 'El Gabinete de tornilleria, segunda columna, cuarto nivel', 'BLA'),
('GT-B5', 'G Tornilleria B5', 'El Gabinete de tornilleria, segunda columna, quinto nivel', 'BLA'),
('GT-B6', 'G Tornilleria B6', 'El Gabinete de tornilleria, segunda columna, sexto nivel', 'BLA'),
('GT-B7', 'G Tornilleria B7', 'El Gabinete de tornilleria, segunda columna, septimo nivel', 'BLA'),
('GT-B8', 'G Tornilleria B8', 'El Gabinete de tornilleria, segunda columna, octavo nivel', 'BLA'),
('GT-C1', 'G Tornilleria C1', 'El Gabinete de tornilleria, tercer columna, primer nivel', 'BLA'),
('GT-C2', 'G Tornilleria C2', 'El Gabinete de tornilleria, tercer columna, segundo nivel', 'BLA'),
('GT-C3', 'G Tornilleria C3', 'El Gabinete de tornilleria, tercer columna, tercer nivel', 'BLA'),
('GT-C4', 'G Tornilleria C4', 'El Gabinete de tornilleria, tercer columna, cuarto nivel', 'BLA'),
('GT-C5', 'G Tornilleria C5', 'El Gabinete de tornilleria, tercer columna, quinto nivel', 'BLA'),
('GT-C6', 'G Tornilleria C6', 'El Gabinete de tornilleria, tercer columna, sexto nivel', 'BLA'),
('GT-C7', 'G Tornilleria C7', 'El Gabinete de tornilleria, tercer columna, septimo nivel', 'BLA'),
('GT-C8', 'G Tornilleria C8', 'El Gabinete de tornilleria, tercer columna, octavo nivel', 'BLA'),
('OF-CM', 'Oficina Comercial', '', 'NAR');
INSERT INTO proveedor (claveProveedor, nombre, direccion, noTelefono, email) VALUES
('', 'Sin Registro', '', '', ''),
('', 'DICE ', '', '', ''),
('', 'SYSCOM', '', '', ''),
('', 'USA', '', '', ''),
('', 'STEREN', '', '', ''),
('', 'TVC', '', '', ''),
('', 'PORTENNTUM', '', '', ''),
('', 'CT', '', '', ''),
('', 'SENSA', '', '', ''),
('', 'PHILLIPS', '', '', ''),
('', 'PETSA', '', '', ''),
('', 'NTC', '', '', ''),
('', 'CHINO', '', '', ''),
('', 'NORTH SYSTEM', '', '', ''),
('', 'AMAZON', '', '', ''),
('', 'HOME DEPOT', '', '', ''),
('', 'TRUPER', '', '', ''),
('', 'ELSA', '', '', '');
INSERT INTO marca (claveMarca, nombre, descripcion) VALUES
('', 'NETCOMMTEL', ''),
('', 'PILOT', ''),
('', 'WEIFENG', ''),
('', 'TOSHIBA', ''),
('', 'VELTECK', ''),
('', 'DEXON', ''),
('', 'POWER-PAK', ''),
('', 'NTC', ''),
('', 'LOGITECH', ''),
('', 'MICROTEST', ''),
('', 'PANDUIT', ''),
('', 'PRECISION', ''),
('', 'HP', ''),
('', 'DELL', ''),
('', 'EMACHINES', ''),
('', 'VKAREN', ''),
('', 'MTG', ''),
('', 'VEKER', ''),
('', 'GLOBAL', ''),
('', 'STEREN', ''),
('', 'ACCESS PRO', ''),
('', 'CISCO', ''),
('', 'TCINTERNATIONAL', ''),
('', 'LINKEDPRO', ''),
('', 'PLANTRONICS', ''),
('', 'POLY', ''),
('', 'NOPRICE', ''),
('', 'HESLE OUTFITTERS', ''),
('', '3M', ''),
('', 'GLOBOS PAYASO', ''),
('', 'SALVER', ''),
('', 'CANPLAST', ''),
('', 'TP-LINK', ''),
('', 'TRUPER', ''),
('', 'TAPE', ''),
('', 'BYP', ''),
('', 'GILDAN', ''),
('', 'HARRITON', ''),
('', 'JUSTHOODS', ''),
('', 'CORE365', ''),
('', 'POLO', ''),
('', 'DEVON&JONES', ''),
('', 'EPCOM', ''),
('', 'ROSSLARE', ''),
('', 'SAXXON', ''),
('', 'CMR', ''),
('', 'POLYPHASER', ''),
('', 'UBIQUIT', ''),
('', 'CORNING', ''),
('', 'BELDENT', ''),
('', 'MONO', ''),
('', 'MONOPRICE', ''),
('', 'BELDEN', ''),
('', 'PANGNGAL', ''),
('', 'LEVITON', ''),
('', 'NORTEL', ''),
('', 'NORTH SYS', ''),
('', 'SAMSUNG', ''),
('', 'ICC', ''),
('', 'WI-TEK', ''),
('', 'HIKVISION', ''),
('', 'STI', ''),
('', 'SKHYNIX', ''),
('', 'LINKSYS', ''),
('', 'LITE-ON IT CORP', ''),
('', 'LOGO', ''),
('', 'HILOOK', ''),
('', 'PROVISION ISR', ''),
('', 'VR CAM', ''),
('', 'AXIS', ''),
('', 'UNI-T', ''),
('', 'JABRA GN', ''),
('', 'WESTERN', ''),
('', 'FOSET', ''),
('', 'SHEPHERD', ''),
('', 'RAWLET', ''),
('', 'SCHNEIDER ELECTRIC', ''),
('', 'THORSMAN', ''),
('', 'DISMA', ''),
('', 'BELL OUTDOOR', ''),
('', 'BOLTECK', ''),
('', 'HALEX', ''),
('', 'FIERO', ''),
('', 'SUNBEAM', ''),
('', 'PET EXPRESS', ''),
('', 'GRUPO CN', ''),
('', 'INDIANA', ''),
('', 'SFIRE', ''),
('', 'CONDUMEX', ''),
('', 'SIEMENS', ''),
('', 'VALCOM', ''),
('', 'SIEMON', ''),
('', 'BLACK BOX', ''),
('', 'AMD NETCONNET', '');
INSERT INTO estado (codigoEstado, nombre, descripcion) VALUES
('ACT', 'Activo', 'Elemento disponible y en uso dentro del sistema'),
('INT', 'Inactivo', 'Elemento fuera de uso o dado de baja'),
('PEN', 'Pendiente', 'Registro creado pero aún no procesado'),
('PRC', 'En proceso', 'Operación en curso, aún no finalizada'),
('FIN', 'Finalizado', 'Operación completada exitosamente'),
('CAN', 'Cancelado', 'Operación anulada o cancelada por el usuario'),
('APR', 'Aprobado', 'Solicitud o movimiento revisado y autorizado'),
('REC', 'Rechazado', 'Solicitud o movimiento denegado'),
('REV', 'En revisión', 'Elemento en evaluación antes de ser aprobado'),
('RES', 'Reservado', 'Material apartado temporalmente para uso futuro');
INSERT INTO cliente (nombreFiscal) VALUES
('Tecnología del pacifico'),
('Markwins'),
('Tecnored de México S.A. de C.V.'),
('Tamura'),
('Amex de México'),
('Semar');
CALL sp_agregarMaterial(
    '7013-1087FL',
    'ALARMAS',
    'ROJO',
    NULL,
    'PZA',
    8.00,
    0.00,
    NULL,
    TRUE,
    'MAT',
    'PISO1',
    NULL,
    NULL,
    NULL
);

CALL sp_agregarMaterial(
    'WT3560',
    'TRIPOIDE PARA CÁMARA',
    'NEGRO',
    NULL,
    'PZA',
    1.00,
    0.00,
    NULL,
    TRUE,
    'DIV',
    'PSO',
    NULL,
    NULL,
    NULL
);

CALL sp_agregarMaterial(
    'CRSUB672A',
    'GABINETE DE CONMUTADOR STRATA',
    'GRIS',
    NULL,
    'PZA',
    1.00,
    0.00,
    NULL,
    TRUE,
    'DIV',
    'PSO',
    NULL,
    NULL,
    NULL
);

CALL sp_agregarMaterial(
    'CAN1020AL2',
    'CANALETA 10MM X 20MM L2 1VIA (2 SIN ADHESIVO)',
    'BLANCO',
    '2 SIN ADHESIVO',
    'PZA',
    2.00,
    0.00,
    NULL,
    TRUE,
    'DIV',
    'PSO',
    NULL,
    NULL,
    NULL
);

CALL sp_agregarMaterial(
    'CAN1020AL3',
    'PEDACERA CANALETA 10MM X 20MM L2 1VIA (1 SIN ADHESIVO, 1 QUEBRADA)',
    'BLANCO',
    '1 SIN ADHESIVO, 1 QUEBRADA',
    'PZA',
    2.50,
    0.00,
    NULL,
    TRUE,
    'DIV',
    'PSO',
    NULL,
    NULL,
    NULL
);

CALL sp_agregarMaterial(
    'DXN10051',
    'CANALETA BLANCA 20X12X200 mm',
    'BLANCO',
    'Marca SENSA',
    'PZA',
    4.00,
    0.00,
    NULL,
    TRUE,
    'DIV',
    'PSO',
    NULL,
    NULL,
    NULL
);

CALL sp_agregarMaterial(
    'C1735L4',
    'CANALETA 17MM X 35MM L4 1VIA',
    'BLANCO',
    '1 COMPLETA SIN ADHESIVO, 1 QUEBRADA MEDIA TAPA',
    'PZA',
    0.50,
    0.00,
    NULL,
    TRUE,
    'DIV',
    'PSO',
    NULL,
    NULL,
    NULL
);

CALL sp_agregarMaterial(
    'O0707',
    'POWER BACK UP',
    'ACERO',
    NULL,
    'PZA',
    4.00,3
    0.00,
    NULL,
    TRUE,
    'DIV',
    'PSO',
    NULL,
    NULL,
    NULL
);

CALL sp_agregarMaterial(
    'PLTS-ART-V',
    'PLANTAS ARTIFICIALES (VID | DECORACIÓN)',
    'VERDE',
    NULL,
    'PZAS',
    2.00,
    0.00,
    NULL,
    TRUE,
    'MAT',
    'PISO1',
    NULL,
    NULL,
    NULL
);
